{
	"money" :
	{
		1 : "White",
		5 : "Pink",
		10 : "Yellow",
		20 : "Green",
		50 : "Blue",
		100 : "Beige",
		500 : "Orange"
	},
	"white_russians" : 
	{
		1 : { "description" : "Pay each player $50."},
		2 : { "description" : "Pass out. Do not observe Shabbos."},
		3 : { "description" : "Collect $100."},
		4 : { "description" : "Pay $15."},
		5 : { "description" : "Advance to the Dude's ride. If you observe Shabbos, collect $200."},
		6 : { "description" : "Pay $150."},
		7 : { "description" : "Go back 3 spaces."},
		8 : { "description" : "Pay $50."},
		9 : { "description" : "Wake up."},
		10 : { "description" : "Advance to Shabbos. Collect $200."},
		11 : { "description" : "Advance to Doctor's Office. If you observe Shabbos, collect $200."},
		12 : { "description" : "Collect $50."},
		13 : { "description" : "Advance to Lebowski's mansion."},
		14 : { "description" : "Collect $150."},
		15 : { "description" : "Advance to nearest utility. If owned, throw dice and pay owner ten times the amount thrown."},
		16 : { "description" : "Advance to nearest car. Pay owner twice the rental."},
		17 : { "description" : "Pay $25 for each house, $100 for each hotel."}
	},
	"utilities" :
	{
		1 : { "description" : "Log Jammin' Cable Repair", "mortgageValue" : 75},
		2 : { "description" : "Da Fino's Spy Services", "mortgageValue" : 75}
	},
	"railroads" :
	{
		1 : {
		  "description" : "Angry Cabby",
		  "rent" : 25,
		  "rent2cars" : 50,
		  "rent3cars" : 100,
		  "rent4cars" : 200,
		  "mortgageValue" : 100
		},
		2 : {
		  "description" : "Lebowski's Limo",
		  "rent" : 25,
		  "rent2cars" : 50,
		  "rent3cars" : 100,
		  "rent4cars" : 200,
		  "mortgageValue" : 100
		},
		3 : {
		  "description" : "Tony's Limo",
		  "rent" : 25,
		  "rent2cars" : 50,
		  "rent3cars" : 100,
		  "rent4cars" : 200,
		  "mortgageValue" : 100
		},
		4 : {
		  "description" : "The Dude's Ride",
		  "rent" : 25,
		  "rent2cars" : 50,
		  "rent3cars" : 100,
		  "rent4cars" : 200,
		  "mortgageValue" : 100
		}
	},
	"briefcases" :
	{
		1 : {"description" : "Collect $100."},
		2 : {"description" : "Pay $100."},
		3 : {"description" : "Pass out. Do not observe Shabbos."},
		4 : {"description" : "Collect $100."},
		5 : {"description" : "Pay $150."},
		6 : {"description" : "Pay $50."},
		7 : {"description" : "Collect $100."},
		8 : {"description" : "Pay $50."},
		9 : {"description" : "Wake up."},
		10 : {"description" : "Advance to Erev Shabbos. Collect $200."},
		11 : {"description" : "Advance to Bowling Alley. Collect $200 if you pass Shabbos."},
		12 : {"description" : "Pay $40 per house, $115 per hotel."},
		13 : {"description" : "Collect $100."},
		14 : {"description" : "Collect $10."},
		15 : {"description" : "Collect $75."},
		16 : {"description" : "Collect $50 from every player."},
		17 : {"description" : "Collect $45."},
		18 : {"description" : "Collect $20."},
		19 : {"description" : "Collect $25."}
	},
	"properties" : 
	{
		1 : { 
		  "name" : "Dude's Bachelor Pad", 
		  "color" : "purple",
		  "rent0house" : 2,
		  "rent1house" : 10,
		  "rent2house" : 30,
		  "rent3house" : 90,
		  "rent4house" : 160,
		  "rent1hotel" : 250,
		  "mortgageValue" : 30,
		  "houseCost" : 50,
		  "hotelCost" : 50
		},
		2 : { 
		  "name" : "West Hollywood", 
		  "color" : "purple",
		  "rent0house" : 4,
		  "rent1house" : 20,
		  "rent2house" : 60,
		  "rent3house" : 180,
		  "rent4house" : 320,
		  "rent1hotel" : 450,
		  "mortgageValue" : 30,
		  "houseCost" : 50,
		  "hotelCost" : 50
		},
		3 : { 
		  "name" : "Coffee Shop", 
		  "color" : "light_blue",
		  "rent0house" : 6,
		  "rent1house" : 30,
		  "rent2house" : 90,
		  "rent3house" : 270,
		  "rent4house" : 400,
		  "rent1hotel" : 550,
		  "mortgageValue" : 50,
		  "houseCost" : 50,
		  "hotelCost" : 50
		},
		4 : { 
		  "name" : "Impound Lot", 
		  "color" : "light_blue",
		  "rent0house" : 6,
		  "rent1house" : 30,
		  "rent2house" : 90,
		  "rent3house" : 270,
		  "rent4house" : 400,
		  "rent1hotel" : 550,
		  "mortgageValue" : 50,
		  "houseCost" : 50,
		  "hotelCost" : 50
		},
		5 : { 
		  "name" : "Bowling Alley", 
		  "color" : "light_blue",
		  "rent0house" : 8,
		  "rent1house" : 40,
		  "rent2house" : 100,
		  "rent3house" : 300,
		  "rent4house" : 450,
		  "rent1hotel" : 600,
		  "mortgageValue" : 60,
		  "houseCost" : 50,
		  "hotelCost" : 50
		},
		6 : { 
		  "name" : "Nihilist's Diner", 
		  "color" : "pink",
		  "rent0house" : 10,
		  "rent1house" : 50,
		  "rent2house" : 150,
		  "rent3house" : 450,
		  "rent4house" : 625,
		  "rent1hotel" : 750,
		  "mortgageValue" : 70,
		  "houseCost" : 100,
		  "hotelCost" : 100
		},
		7 : { 
		  "name" : "CJ's Fountain Theatre", 
		  "color" : "pink",
		  "rent0house" : 10,
		  "rent1house" : 50,
		  "rent2house" : 150,
		  "rent3house" : 450,
		  "rent4house" : 625,
		  "rent1hotel" : 750,
		  "mortgageValue" : 70,
		  "houseCost" : 100,
		  "hotelCost" : 100
		},
		8 : { 
		  "name" : "Ralphs", 
		  "color" : "pink",
		  "rent0house" : 12,
		  "rent1house" : 60,
		  "rent2house" : 180,
		  "rent3house" : 500,
		  "rent4house" : 700,
		  "rent1hotel" : 900,
		  "mortgageValue" : 80,
		  "houseCost" : 100,
		  "hotelCost" : 100
		},
		9 : { 
		  "name" : "Langdok", 
		  "color" : "orange",
		  "rent0house" : 14,
		  "rent1house" : 70,
		  "rent2house" : 200,
		  "rent3house" : 550,
		  "rent4house" : 750,
		  "rent1hotel" : 950,
		  "mortgageValue" : 90,
		  "houseCost" : 100,
		  "hotelCost" : 100
		},
		10 : { 
		  "name" : "Khe Sanh", 
		  "color" : "orange",
		  "rent0house" : 14,
		  "rent1house" : 70,
		  "rent2house" : 200,
		  "rent3house" : 550,
		  "rent4house" : 750,
		  "rent1hotel" : 950,
		  "mortgageValue" : 90,
		  "houseCost" : 100,
		  "hotelCost" : 100
		},
		11 : { 
		  "name" : "Hill 364", 
		  "color" : "orange",
		  "rent0house" : 16,
		  "rent1house" : 80,
		  "rent2house" : 220,
		  "rent3house" : 600,
		  "rent4house" : 800,
		  "rent1hotel" : 1000,
		  "mortgageValue" : 100,
		  "houseCost" : 100,
		  "hotelCost" : 100
		},
		12 : { 
		  "name" : "Doctor's Office", 
		  "color" : "red",
		  "rent0house" : 18,
		  "rent1house" : 90,
		  "rent2house" : 250,
		  "rent3house" : 700,
		  "rent4house" : 875,
		  "rent1hotel" : 1050,
		  "mortgageValue" : 110,
		  "houseCost" : 150,
		  "hotelCost" : 150
		},
		13 : { 
		  "name" : "In-N-Out Burger", 
		  "color" : "red",
		  "rent0house" : 18,
		  "rent1house" : 90,
		  "rent2house" : 250,
		  "rent3house" : 700,
		  "rent4house" : 875,
		  "rent1hotel" : 1050,
		  "mortgageValue" : 110,
		  "houseCost" : 150,
		  "hotelCost" : 150
		},
		14 : { 
		  "name" : "Larry Seller's House", 
		  "color" : "red",
		  "rent0house" : 20,
		  "rent1house" : 100,
		  "rent2house" : 300,
		  "rent3house" : 750,
		  "rent4house" : 925,
		  "rent1hotel" : 1100,
		  "mortgageValue" : 120,
		  "houseCost" : 150,
		  "hotelCost" : 150
		},
		15 : { 
		  "name" : "Maude's Apartment", 
		  "color" : "yellow",
		  "rent0house" : 22,
		  "rent1house" : 110,
		  "rent2house" : 330,
		  "rent3house" : 800,
		  "rent4house" : 975,
		  "rent1hotel" : 1150,
		  "mortgageValue" : 130,
		  "houseCost" : 150,
		  "hotelCost" : 150
		},
		16 : { 
		  "name" : "Maude's Bedroom", 
		  "color" : "yellow",
		  "rent0house" : 22,
		  "rent1house" : 110,
		  "rent2house" : 330,
		  "rent3house" : 800,
		  "rent4house" : 975,
		  "rent1hotel" : 1150,
		  "mortgageValue" : 130,
		  "houseCost" : 150,
		  "hotelCost" : 150
		},
		17 : { 
		  "name" : "Maude's Art Studio", 
		  "color" : "yellow",
		  "rent0house" : 24,
		  "rent1house" : 120,
		  "rent2house" : 360,
		  "rent3house" : 850,
		  "rent4house" : 1025,
		  "rent1hotel" : 1200,
		  "mortgageValue" : 140,
		  "houseCost" : 150,
		  "hotelCost" : 150
		},
		18 : { 
		  "name" : "Jackie Treehorn's Complex", 
		  "color" : "green",
		  "rent0house" : 26,
		  "rent1house" : 130,
		  "rent2house" : 390,
		  "rent3house" : 900,
		  "rent4house" : 1100,
		  "rent1hotel" : 1275,
		  "mortgageValue" : 150,
		  "houseCost" : 200,
		  "hotelCost" : 200
		},
		19 : { 
		  "name" : "Malibu Beach Community", 
		  "color" : "green",
		  "rent0house" : 26,
		  "rent1house" : 130,
		  "rent2house" : 390,
		  "rent3house" : 900,
		  "rent4house" : 1100,
		  "rent1hotel" : 1275,
		  "mortgageValue" : 150,
		  "houseCost" : 200,
		  "hotelCost" : 200
		},
		20 : { 
		  "name" : "Naked Party Beach", 
		  "color" : "green",
		  "rent0house" : 28,
		  "rent1house" : 150,
		  "rent2house" : 450,
		  "rent3house" : 1000,
		  "rent4house" : 1200,
		  "rent1hotel" : 1400,
		  "mortgageValue" : 160,
		  "houseCost" : 200,
		  "hotelCost" : 200,
		},
		21 : { 
		  "name" : "Bunny's Poolhouse", 
		  "color" : "blue",
		  "rent0house" : 35,
		  "rent1house" : 175,
		  "rent2house" : 500,
		  "rent3house" : 1100,
		  "rent4house" : 1300,
		  "rent1hotel" : 1500,
		  "mortgageValue" : 175,
		  "houseCost" : 200,
		  "hotelCost" : 200
		},
		22 : { 
		  "name" : "Lebowski's Mansion", 
		  "color" : "blue",
		  "rent0house" : 50,
		  "rent1house" : 200,
		  "rent2house" : 600,
		  "rent3house" : 1400,
		  "rent4house" : 1700,
		  "rent1hotel" : 2000,
		  "mortgageValue" : 200,
		  "houseCost" : 200,
		  "hotelCost" : 200
		}
	}
}


